<?xml version="1.0" encoding="UTF-8"?><!--
        *** GENERATED FROM jax-ws.xml - DO NOT EDIT !                             ***
        *** TO MODIFY wsimport options USE Web Service node -> Edit WS Attributes ***
        *** TO CHANGE TARGETS GENERATED TO jaxws-build.xml COPY THOSE             ***
        *** TARGETS TO ../build.xml AND MODIFY THAT FILE INSTEAD                  ***

        --><project xmlns:j2seproject3="http://www.netbeans.org/ns/j2se-project/3" xmlns:xalan="http://xml.apache.org/xslt" xmlns:jaxws="http://www.netbeans.org/ns/jax-ws/1">
    <!--
                ===================
                JAX-WS WSIMPORT SECTION
                ===================
            -->
    <target name="wsimport-init" depends="init">
        <mkdir dir="${build.generated.sources.dir}/jax-ws"/>
        <taskdef name="wsimport" classname="com.sun.tools.ws.ant.WsImport">
            <classpath path="${libs.jaxws21.classpath}"/>
        </taskdef>
    </target>
    <target name="wsimport-client-mockMiWsPortBinding_1" depends="wsimport-init">
        <mkdir dir="${build.generated.dir}/jax-wsCache/mockMiWsPortBinding_1"/>
        <property name="wsdl-mockMiWsPortBinding_1" location="xml-resources/web-service-references/mockMiWsPortBinding_1/wsdl/localhost_8088/mockMiWsPortBinding.wsdl"/>
        <wsimport sourcedestdir="${build.generated.dir}/jax-wsCache/mockMiWsPortBinding_1" destdir="${build.generated.dir}/jax-wsCache/mockMiWsPortBinding_1" wsdl="${wsdl-mockMiWsPortBinding_1}" catalog="catalog.xml" encoding="${source.encoding}" extension="true" verbose="true" fork="false" wsdlLocation="http://localhost:8088/mockMiWsPortBinding?wsdl" xnocompile="true" xendorsed="true">
            <binding dir="xml-resources/web-service-references/mockMiWsPortBinding_1/bindings" includes="mockMiWsPortBinding_1_handler.xml"/>
            <depends file="${wsdl-mockMiWsPortBinding_1}"/>
            <produces dir="${build.generated.dir}/jax-wsCache/mockMiWsPortBinding_1"/>
        </wsimport>
        <copy todir="${build.generated.sources.dir}/jax-ws">
            <fileset dir="${build.generated.dir}/jax-wsCache/mockMiWsPortBinding_1">
                <include name="**/*.java"/>
            </fileset>
        </copy>
        <copy todir="${build.classes.dir}">
            <fileset dir="${build.generated.dir}/jax-wsCache/mockMiWsPortBinding_1">
                <include name="**/*.xml"/>
            </fileset>
        </copy>
    </target>
    <target name="wsimport-client-clean-mockMiWsPortBinding_1" depends="-init-project">
        <delete dir="${build.generated.dir}/jax-wsCache/mockMiWsPortBinding_1"/>
        <delete dir="${build.generated.sources.dir}/jax-ws/ar/com"/>
    </target>
    <target name="wsimport-client-mockMiWsPortBinding_2" depends="wsimport-init">
        <mkdir dir="${build.generated.dir}/jax-wsCache/mockMiWsPortBinding_2"/>
        <property name="wsdl-mockMiWsPortBinding_2" location="xml-resources/web-service-references/mockMiWsPortBinding_2/wsdl/localhost_8088/mockMiWsPortBinding.wsdl"/>
        <wsimport sourcedestdir="${build.generated.dir}/jax-wsCache/mockMiWsPortBinding_2" destdir="${build.generated.dir}/jax-wsCache/mockMiWsPortBinding_2" wsdl="${wsdl-mockMiWsPortBinding_2}" catalog="catalog.xml" encoding="${source.encoding}" extension="true" verbose="true" fork="false" wsdlLocation="http://localhost:8088/mockMiWsPortBinding?wsdl" xnocompile="true" xendorsed="true">
            <depends file="${wsdl-mockMiWsPortBinding_2}"/>
            <produces dir="${build.generated.dir}/jax-wsCache/mockMiWsPortBinding_2"/>
        </wsimport>
        <copy todir="${build.generated.sources.dir}/jax-ws">
            <fileset dir="${build.generated.dir}/jax-wsCache/mockMiWsPortBinding_2">
                <include name="**/*.java"/>
            </fileset>
        </copy>
    </target>
    <target name="wsimport-client-clean-mockMiWsPortBinding_2" depends="-init-project">
        <delete dir="${build.generated.dir}/jax-wsCache/mockMiWsPortBinding_2"/>
        <delete dir="${build.generated.sources.dir}/jax-ws/ar/com"/>
    </target>
    <target name="wsimport-client-generate" depends="wsimport-client-mockMiWsPortBinding_1, wsimport-client-mockMiWsPortBinding_2"/>
</project>
