<?xml version="1.0"?><!-- XML Query Use Cases: http://www.w3.org/TR/xquery-use-cases/Copyright ©2003 World Wide Web Consortium, (Massachusetts Institute of Technology, European Research Consortium for Informatics and Mathematics, Keio University). All Rights Reserved. This work is distributed under the W3C® Software License [1] in the hope that it will be useful, but WITHOUT ANY WARRANTY; without even the implied warranty of MERCHANTABILITY or FITNESS FOR A PARTICULAR PURPOSE.[1] http://www.w3.org/Consortium/Legal/2002/copyright-software-20021231--><!DOCTYPE book SYSTEM "book.dtd"><book>  <title>Data on the Web</title>  <author>Serge Abiteboul</author>  <author>Peter Buneman</author>  <author>Dan Suciu</author>  <section id="intro" difficulty="easy" >    <title>Introduction</title>    <p>Text ... </p>    <section>      <title>Audience</title>      <p>Text ... </p>    </section>    <section>      <title>Web Data and the Two Cultures</title>      <p>Text ... </p>      <figure height="400" width="400">        <title>Traditional client/server architecture</title>        <image source="csarch.gif"/>      </figure>      <p>Text ... </p>    </section>  </section>  <section id="syntax" difficulty="medium" >    <title>A Syntax For Data</title>    <p>Text ... </p>    <figure height="200" width="500">      <title>Graph representations of structures</title>      <image source="graphs.gif"/>    </figure>    <p>Text ... </p>    <section>      <title>Base Types</title>      <p>Text ... </p>    </section>    <section>      <title>Representing Relational Databases</title>      <p>Text ... </p>      <figure height="250" width="400">        <title>Examples of Relations</title>        <image source="relations.gif"/>      </figure>    </section>    <section>      <title>Representing Object Databases</title>      <p>Text ... </p>    </section>         </section></book> 