<?xml version="1.0" encoding="UTF-8"?>
<jax-ws xmlns="http://www.netbeans.org/ns/jax-ws/1">
  <services/>
  <clients>
    <client name="MiPrimerWS">
      <wsdl-url>http://localhost:8080/MiPrimerWS/MiPrimerWS?wsdl</wsdl-url>
      <local-wsdl-file>localhost_8080/MiPrimerWS/MiPrimerWS.wsdl</local-wsdl-file>
      <package-name forceReplace="true">ar.com.wss</package-name>
      <catalog-file>catalog.xml</catalog-file>
      <binding>
        <file-name>MiPrimerWS_handler.xml</file-name>
      </binding>
      <handler-binding-file>MiPrimerWS_handler.xml</handler-binding-file>
      <wsimport-options>
        <wsimport-option>
          <wsimport-option-name>extension</wsimport-option-name>
          <wsimport-option-value>true</wsimport-option-value>
        </wsimport-option>
        <wsimport-option>
          <wsimport-option-name>verbose</wsimport-option-name>
          <wsimport-option-value>true</wsimport-option-value>
        </wsimport-option>
        <wsimport-option>
          <wsimport-option-name>fork</wsimport-option-name>
          <wsimport-option-value>false</wsimport-option-value>
        </wsimport-option>
        <wsimport-option>
          <wsimport-option-name>wsdlLocation</wsimport-option-name>
          <wsimport-option-value>http://localhost:8080/MiPrimerWS/MiPrimerWS?wsdl</wsimport-option-value>
        </wsimport-option>
        <wsimport-option>
          <wsimport-option-name>xnocompile</wsimport-option-name>
          <wsimport-option-value>true</wsimport-option-value>
        </wsimport-option>
        <wsimport-option>
          <wsimport-option-name>xendorsed</wsimport-option-name>
          <wsimport-option-value>true</wsimport-option-value>
        </wsimport-option>
        <wsimport-option>
          <wsimport-option-name>package</wsimport-option-name>
          <wsimport-option-value>ar.com.wss</wsimport-option-value>
        </wsimport-option>
      </wsimport-options>
    </client>
  </clients>
</jax-ws>
