<?xml version="1.0" encoding="UTF-8"?>
<jax-ws xmlns="http://www.netbeans.org/ns/jax-ws/1">
  <services>
    <service name="Servicio">
      <implementation-class>ar.com.educacionit.Servicio</implementation-class>
      <wsdl-url>file:/C:/Users/educacionit/Desktop/Clase%2002/Archivos/WsdlBankingData.wsdl</wsdl-url>
      <local-wsdl-file>WsdlBankingData.wsdl</local-wsdl-file>
      <service-name>WebServiceBanking</service-name>
      <port-name>WebServiceBankingData_Port</port-name>
      <package-name>com.fiscalgis.webservicebankingdata</package-name>
      <catalog-file>catalog.xml</catalog-file>
      <use-provider>false</use-provider>
      <wsimport-options>
        <wsimport-option>
          <wsimport-option-name>extension</wsimport-option-name>
          <wsimport-option-value>true</wsimport-option-value>
        </wsimport-option>
        <wsimport-option>
          <wsimport-option-name>verbose</wsimport-option-name>
          <wsimport-option-value>true</wsimport-option-value>
        </wsimport-option>
        <wsimport-option>
          <wsimport-option-name>fork</wsimport-option-name>
          <wsimport-option-value>false</wsimport-option-value>
        </wsimport-option>
        <wsimport-option>
          <wsimport-option-name>xnocompile</wsimport-option-name>
          <wsimport-option-value>true</wsimport-option-value>
        </wsimport-option>
        <wsimport-option>
          <wsimport-option-name>xendorsed</wsimport-option-name>
          <wsimport-option-value>true</wsimport-option-value>
        </wsimport-option>
      </wsimport-options>
    </service>
  </services>
  <clients/>
  <jsr109>true</jsr109>
</jax-ws>
