<?xml version="1.0" encoding="UTF-8"?>
<result>
	<user>
		<userid>U01</userid>
		<name>Tom Jones</name>
		<status>active</status>
	</user>
	<user>
		<userid>U02</userid>
		<name>Mary Doe</name>
		<status>active</status>
	</user>
	<user>
		<userid>U03</userid>
		<name>Dee Linquent</name>
		<status>active</status>
	</user>
	<user>
		<userid>U04</userid>
		<name>Roger Smith</name>
		<status>active</status>
	</user>
	<user>
		<userid>U05</userid>
		<name>Jack Sprat</name>
		<status>active</status>
	</user>
	<user>
		<userid>U06</userid>
		<name>Rip Van Winkle</name>
		<status>inactive</status>
	</user>
</result>