<?xml version="1.0" encoding="UTF-8"?>
<result>
	<monthly_result>
		<month>1</month>
		<item_count>1</item_count>
	</monthly_result>
	<monthly_result>
		<month>2</month>
		<item_count>2</item_count>
	</monthly_result>
	<monthly_result>
		<month>3</month>
		<item_count>3</item_count>
	</monthly_result>
	<monthly_result>
		<month>4</month>
		<item_count>1</item_count>
	</monthly_result>
	<monthly_result>
		<month>5</month>
		<item_count>1</item_count>
	</monthly_result>
</result>