<?xml version="1.0" encoding="UTF-8"?>
<!-- edited with XML Spy v5 beta 2 U (http://www.xmlspy.com) by Robert Gillis (Altova, Inc.) -->
<!DOCTYPE main SYSTEM "examplesite.dtd">
<?altova_sps examplesite.sps?>
<main xmlns:xsi="http://www.w3.org/2001/XMLSchema-instance" xsi:noNamespaceSchemaLocation="site.xsd">
	<dictionaries>
   &inc_blocks;
   &inc_navigation;
</dictionaries>
	<idref>block_schema</idref>
	<pagetitle>Navigation File</pagetitle>
	<content>
		<pagefragment><header>Blocks Schema</header><para>The following diagram displays the schema used to define site reusable blocks of content. The blocks.xml file adheres to this schema.</para><img src="images/block_schema.gif"/><para>
                     Each file in the instance file in the site links in the blocks.xml, so that when it is changed the changes will propagate throughout the site. This enables pages to share common content.
                   </para><para>
   	               The following paragraph is defined in the blocks.xml file.
                   </para><pagefragment idref="exampleblock"></pagefragment></pagefragment>
	</content>
</main>
