<?xml version="1.0" encoding="UTF-8"?><!--
        *** GENERATED FROM jax-ws.xml - DO NOT EDIT !                             ***
        *** TO MODIFY wsimport options USE Web Service node -> Edit WS Attributes ***
        *** TO CHANGE TARGETS GENERATED TO jaxws-build.xml COPY THOSE             ***
        *** TARGETS TO ../build.xml AND MODIFY THAT FILE INSTEAD                  ***

        --><project xmlns:j2seproject3="http://www.netbeans.org/ns/j2se-project/3" xmlns:xalan="http://xml.apache.org/xslt" xmlns:jaxws="http://www.netbeans.org/ns/jax-ws/1">
    <!--
                ===================
                JAX-WS WSIMPORT SECTION
                ===================
            -->
    <target name="wsimport-init" depends="init">
        <mkdir dir="${build.generated.sources.dir}/jax-ws"/>
        <taskdef name="wsimport" classname="com.sun.tools.ws.ant.WsImport">
            <classpath path="${libs.jaxws21.classpath}"/>
        </taskdef>
    </target>
    <target name="wsimport-client-MiPrimerWS" depends="wsimport-init">
        <mkdir dir="${build.generated.dir}/jax-wsCache/MiPrimerWS"/>
        <property name="wsdl-MiPrimerWS" location="xml-resources/web-service-references/MiPrimerWS/wsdl/alumno-503-03_8080/WebAppClase01/MiPrimerWS.wsdl"/>
        <wsimport sourcedestdir="${build.generated.dir}/jax-wsCache/MiPrimerWS" destdir="${build.generated.dir}/jax-wsCache/MiPrimerWS" wsdl="${wsdl-MiPrimerWS}" catalog="catalog.xml" encoding="${source.encoding}" extension="true" verbose="true" fork="false" wsdlLocation="http://alumno-503-03:8080/WebAppClase01/MiPrimerWS?wsdl" xnocompile="true" xendorsed="true">
            <depends file="${wsdl-MiPrimerWS}"/>
            <produces dir="${build.generated.dir}/jax-wsCache/MiPrimerWS"/>
        </wsimport>
        <copy todir="${build.generated.sources.dir}/jax-ws">
            <fileset dir="${build.generated.dir}/jax-wsCache/MiPrimerWS">
                <include name="**/*.java"/>
            </fileset>
        </copy>
    </target>
    <target name="wsimport-client-clean-MiPrimerWS" depends="-init-project">
        <delete dir="${build.generated.dir}/jax-wsCache/MiPrimerWS"/>
        <delete dir="${build.generated.sources.dir}/jax-ws/ar/com/educacionit"/>
    </target>
    <target name="wsimport-client-generate" depends="wsimport-client-MiPrimerWS"/>
</project>
