<?xml version="1.0" encoding="UTF-8"?>
<ipo:purchaseOrder xmlns:ipo="http://www.example.com/IPO" xmlns:xsi="http://www.w3.org/2001/XMLSchema-instance" orderDate="1999-12-01" xsi:schemaLocation="http://www.example.com/IPO ..\ipo.xsd">
	<shipTo exportCode="1" xsi:type="ipo:UKAddress">
		<name>Helen Zoe</name>
		<street>47 Eden Street</street>
		<city>Cambridge</city>
		<postcode>CB1 1JR</postcode>
	</shipTo>
	<billTo xsi:type="ipo:UKAddress" exportCode="1">
		<name>Helen Zoe</name>
		<street>47 Eden Street</street>
		<city>Cambridge</city>
		<postcode>CB1 1JR</postcode>
	</billTo>
	<items>
		<item partNum="833-AA">
			<productName>Lapis necklace</productName>
			<quantity>1</quantity>
			<USPrice>99.95</USPrice>
			<ipo:comment>Want this for the holidays!</ipo:comment>
			<shipDate>1999-12-05</shipDate>
		</item>
	</items>
</ipo:purchaseOrder>