<?xml version="1.0" encoding="UTF-8"?>
<!DOCTYPE NewsML PUBLIC "urn:newsml:iptc.org:20021018:NewsMLv1.1.dtd:1" "http://www.altova.com/schemas/newsml/NewsMLv1.1.dtd" [
	<!ELEMENT a (#PCDATA)>
	<!ATTLIST a
	href CDATA #IMPLIED
>
	<!ELEMENT P (#PCDATA | Q | a)*>
	<!ELEMENT Q (#PCDATA)>
	<!ELEMENT block (hl2+, P*)>
	<!ELEMENT hl2 (#PCDATA)>
]>
<?altova_sps http://www.altova.com/sps/template/News/NewsML.sps?>
<?xml-stylesheet type="text/xsl" href="http://www.altova.com/stylesheets/newsml/IPTCNewsML.xsl"?>
<NewsML>
	<Catalog/>
	<NewsEnvelope>
		<TransmissionId>ALTOVA-EXAMPLE-000001</TransmissionId>
		<SentFrom>
			<Party FormalName="ALTOVA" Scheme="ALTOVAEntity"/>
		</SentFrom>
		<DateAndTime>20020804T034512-0400</DateAndTime>
		<NewsService FormalName="ALTOVA News Service" Scheme="ALTOVAEntity"/>
		<NewsProduct FormalName="US News" Scheme="ALTOVAEntity"/>
		<NewsProduct FormalName="International News" Scheme="ALTOVAEntity"/>
		<NewsProduct FormalName="Technology Politics" Scheme="ALTOVAEntity"/>
		<Priority FormalName="5" Scheme="IptcPriority"/>
	</NewsEnvelope>
	<NewsItem>
		<Identification>
			<NewsIdentifier>
				<ProviderId>altova.com</ProviderId>
				<DateId>20020804</DateId>
				<NewsItemId>ALTOVA-20020313-000001-0001R</NewsItemId>
				<RevisionId PreviousRevision="0" Update="N">1</RevisionId>
				<PublicIdentifier>urn:newsml:altova.com:20020313:ALTOVA-20020313-000001-0001R:1</PublicIdentifier>
			</NewsIdentifier>
		</Identification>
		<NewsManagement>
			<NewsItemType FormalName="News" Scheme="IptcNewsItemType"/>
			<FirstCreated>20020804T034512-0400</FirstCreated>
			<ThisRevisionCreated>20020804T034512-0400</ThisRevisionCreated>
			<Status FormalName="Usable" Scheme="IptcStatus"/>
			<Urgency FormalName="5" Scheme="IptcUrgency"/>
		</NewsManagement>
		<NewsComponent>
			<NewsLines>
				<HeadLine>Microsoft and Altova to Provide XML Development Tools For Microsoft SQL Server 2000 </HeadLine>
				<ByLine>By Altova Staff</ByLine>
				<DateLine>BEVERLY, Massachuestts,  March. 13 -- </DateLine>
				<CopyrightLine>Copyright 2002 by Altova</CopyrightLine>
				<SlugLine>AI-microsoft-aliance</SlugLine>
				<NewsLine>
					<NewsLineType Scheme="ANewsLines" FormalName="DateLineCity"/>
					<NewsLineText xml:lang="en-US">"Beverly"</NewsLineText>
				</NewsLine>
				<NewsLine>
					<NewsLineType Scheme="ANewsLines" FormalName="DateLineState"/>
					<NewsLineText xml:lang="en-US">"Massachuesetts"</NewsLineText>
				</NewsLine>
				<NewsLine>
					<NewsLineType Scheme="ANewsLines" FormalName="DateLineCountry"/>
					<NewsLineText xml:lang="en-US">"USA"</NewsLineText>
				</NewsLine>
				<NewsLine>
					<NewsLineType Scheme="ANewsLines" FormalName="DateLineCountryCode"/>
					<NewsLineText xml:lang="en-US">"ISR"</NewsLineText>
				</NewsLine>
			</NewsLines>
			<DescriptiveMetadata>
				<Language FormalName="en" Scheme="ISO639"/>
				<Genre Duid="A001" Scheme="IptcGenre" FormalName="Current"/>
				<SubjectCode>
					<SubjectMatter Scheme="IptcSubjectCodes" FormalName="16001000"/>
					<SubjectMatter Scheme="IptcSubjectCodes" FormalName="16010000"/>
				</SubjectCode>
				<OfInterestTo Scheme="ALTOVARegion" FormalName="North America"/>
				<OfInterestTo Scheme="ALTOVARegion" FormalName="Washington"/>
				<OfInterestTo Scheme="ALTOVARegion" FormalName="Europe"/>
				<OfInterestTo Scheme="ALTOVARegion" FormalName="Middle East and Africa"/>
				<OfInterestTo Scheme="ALTOVARegion" FormalName="International"/>
			</DescriptiveMetadata>
			<NewsComponent>
				<Role FormalName="Main" Scheme="IptcRole"/>
				<ContentItem>
					<MediaType FormalName="Text" Scheme="IptcMediaTypes"/>
					<MimeType FormalName="text/vnd.IPTC.NewsML" Scheme="IptcMimeTypes"/>
					<Encoding Notation="">
						<DataContent><P>XML Spy 4.3 Suite's Support for Microsoft SQL Server 2000 SQLXML Technologies Greatly Simplifies XML-Driven Database Application Development</P><P>Microsoft Corp., the world's largest software company, and Altova Inc., the provider of XML Spy 4.3 Suite, the world's leading XML development tool suite for advanced XML application development, today released powerful new features to support Microsoft® SQL Server (TM) 2000 SQLXML. SQLXML is a powerful set of tools that effectively bridge the gap between extensible markup language (XML) and relational data by creating XML views of relational data.</P><P>The new XML Spy provides enhanced tools support for Microsoft developers and database administrators. As a result of cooperation with the Microsoft SQL Server 2000 product team, the XML Spy 4.3 integrated development environment (IDE)'s schema editor now includes full development support for XML schemas, including Microsoft SQLXML extensions, for use in mapping XML schemas to relational databases.</P></DataContent>
					</Encoding>
				</ContentItem>
			</NewsComponent>
		</NewsComponent>
	</NewsItem>
</NewsML>
