<?xml version="1.0" encoding="utf-8"?><!--This document was created as an example XBRL fileBased on the 2.0 Specifcation using Primary Financial Statements, Financial Reporting for Commercial and Industrial Entities, International Accounting Standards Taxonomy  (iascf-pfs)Notes:	Since this is an example document, the XSD that defines the custom tuples is absent, because the relationships between elements will not be expressed.  Also this document was not prepared by any officer of any company, the data here is totally fictional.To give you an idea of what this is actually represents, the text below is representive of a financial report (balance sheet for 2002 to 2003)Report123 Main streetSomewhereville SomeNation 4444www.somecompany.com											FY2002		FY2003	Assets			Cash							223	1.21	5422.22			Inventory						3200.00		3200.00			Property and Equipment			 322.32		 932.22			Short Term Investments			1000.00		2000.00			Long Term Investments			 232.33		823.22			Other							535.86		540.18		Total Assets						7521.72		12917.84	Liabilities			Accounts Payable				4833.22		9232.92			Income Taxes					389.33		844.33		Total Liabilities						5222.55		10077.25	Equity		Total Equity							2310.17		2840.59Specific namespaces are omitted from this document, but included in the namespace definition.The company infomation is not representable in IASCF-PFS namespace and is being omittedthe ISO4217 namespace refers to data and is not part of structure, but is parsable by machine, used as value fo the measure element in context elementsvalidated using fujitsu XBRL validator on 03-23-04No right expressed or implied Altova 2004--><group xmlns="http://www.xbrl.org/2001/instance" xmlns:xsi="http://www.w3.org/2001/XMLSchema-instance" xmlns:iascf-pfs="http://www.xbrl.org/taxonomy/int/fr/ias/ci/pfs/2002-11-15" xmlns:iso4217="http://www.iso.org" xsi:schemaLocation="http://www.xbrl.org/taxonomy/int/fr/ias/ci/pfs/2002-11-15 http://www.xbrl.org/taxonomy/int/fr/ias/ci/pfs/2002-11-15/ias-ci-pfs-2002-11-15.xsd">	<numericContext id="FY2002" precision="5" cwa="false">		<entity>			<identifier scheme="http://www.somecompany.com/xbrlExample">Example</identifier>		</entity>		<period>			<startDate>2002-01-01</startDate>			<endDate>2002-12-31</endDate>		</period>		<unit>			<measure>ISO4217:USD</measure>		</unit>	</numericContext>	<numericContext id="FY2003" precision="5" cwa="false">		<entity>			<identifier scheme="http://www.somecompany.com/xbrlExample">Example</identifier>		</entity>		<period>			<startDate>2003-01-01</startDate>			<endDate>2003-12-31</endDate>		</period>		<unit>			<measure>ISO4217:USD</measure>		</unit>	</numericContext>	<iascf-pfs:CashCashEquivalents numericContext="FY2002">2231.21</iascf-pfs:CashCashEquivalents>	<iascf-pfs:CashCashEquivalents numericContext="FY2003">5422.22</iascf-pfs:CashCashEquivalents>	<iascf-pfs:Inventories numericContext="FY2002">3200.00</iascf-pfs:Inventories>	<iascf-pfs:Inventories numericContext="FY2003">3200.00</iascf-pfs:Inventories>	<iascf-pfs:PropertyPlantEquipment numericContext="FY2002">322.32</iascf-pfs:PropertyPlantEquipment>	<iascf-pfs:PropertyPlantEquipment numericContext="FY2003">932.22</iascf-pfs:PropertyPlantEquipment>	<iascf-pfs:HeldTradingCurrent numericContext="FY2002">1000.00</iascf-pfs:HeldTradingCurrent>	<iascf-pfs:HeldTradingCurrent numericContext="FY2003">2000.00</iascf-pfs:HeldTradingCurrent>	<iascf-pfs:HeldMaturityInvestmentsCurrent numericContext="FY2002">232.33</iascf-pfs:HeldMaturityInvestmentsCurrent>	<iascf-pfs:HeldMaturityInvestmentsCurrent numericContext="FY2003">823.22</iascf-pfs:HeldMaturityInvestmentsCurrent>	<iascf-pfs:Assets numericContext="FY2002">7521.72</iascf-pfs:Assets>	<iascf-pfs:Assets numericContext="FY2003">12917.84</iascf-pfs:Assets>	<iascf-pfs:TradePayablesCurrent numericContext="FY2002">4933.22</iascf-pfs:TradePayablesCurrent>	<iascf-pfs:TradePayablesCurrent numericContext="FY2003">9232.92</iascf-pfs:TradePayablesCurrent>	<iascf-pfs:IncomeTaxesPaid numericContext="FY2002">389.33</iascf-pfs:IncomeTaxesPaid>	<iascf-pfs:IncomeTaxesPaid numericContext="FY2003">844.33</iascf-pfs:IncomeTaxesPaid>	<iascf-pfs:Liabilities numericContext="FY2002">5222.55</iascf-pfs:Liabilities>	<iascf-pfs:Liabilities numericContext="FY2003">10077.25</iascf-pfs:Liabilities>	<iascf-pfs:Equity numericContext="FY2002">2310.17</iascf-pfs:Equity>	<iascf-pfs:Equity numericContext="FY2003">2840.59</iascf-pfs:Equity></group>