<?xml version="1.0" encoding="UTF-8"?>

<bindings 
    xmlns:xsd="http://www.w3.org/2001/XMLSchema"
    xmlns:jaxb="http://java.sun.com/xml/ns/jaxb"
    xmlns:wsdl="http://schemas.xmlsoap.org/wsdl/"
    xmlns="http://java.sun.com/xml/ns/jaxws" wsdlLocation="../wsdl/localhost_8088/mockMiWsPortBinding.wsdl">    

    <bindings node="wsdl:definitions" xmlns:jws="http://java.sun.com/xml/ns/javaee">
        <jws:handler-chains>
            <jws:handler-chain>
                <jws:handler>
                    <jws:handler-name>com.handler.HandlerMesg</jws:handler-name>
                    <jws:handler-class>ar.com.handler.HandlerMesg</jws:handler-class>
                </jws:handler>
            </jws:handler-chain>
        </jws:handler-chains>
    </bindings>
</bindings>

