<?xml version="1.0" encoding="UTF-8"?>
<!-- edited with XML Spy v3.5.0.4 (http://www.xmlspy.com) by Alex Pilz (Altova) -->
<Company xmlns="http://my-company.com/namespace" xmlns:xsi="http://www.w3.org/2001/XMLSchema-instance" xsi:schemaLocation="http://my-company.com/namespace
Data_shape.xsd">
	<Address xsi:type="US-Address">
		<Name>Main office</Name>
		<Street>Grosvenor Bvld.</Street>
		<City>Los Angeles</City>
		<State>California</State>
		<Zip>314159</Zip>
	</Address>
	<Division>
		<Division-Name>Sales</Division-Name>
		<Location>Washington</Location>
		<Person Manager="true" Degree="MA">
			<First>Allison</First>
			<Last>Andersen</Last>
			<PhoneExt>111</PhoneExt>
			<EMail>Andersen@work.com</EMail>
		</Person>
		<Person Manager="false" Degree="BA">
			<First>Bruce</First>
			<Last>Burrwinkle</Last>
			<PhoneExt>222</PhoneExt>
			<EMail>Burrwinkle@work.com</EMail>
		</Person>
	</Division>
	<Division>
		<Division-Name>Administration</Division-Name>
		<Location>California</Location>
		<Person Manager="true" Degree="Ph.D">
			<First>Clive</First>
			<Last>Conrad</Last>
			<PhoneExt>333</PhoneExt>
			<EMail>conrad@work.com</EMail>
		</Person>
		<Person Manager="false" Degree="BA">
			<First>Delia</First>
			<Last>Doobie</Last>
			<PhoneExt>444</PhoneExt>
			<EMail>Doobie@work.com</EMail>
		</Person>
	</Division>
</Company>
