<?xml version="1.0" encoding="UTF-8"?>
<?xml-stylesheet href="http://www.altova.com/stylesheets/uspto/grant.xsl" type="text/xsl"?>
<!DOCTYPE PATDOC PUBLIC "-//USPTO//DTD ST.32 US PATENT GRANT V2.5 2002-01-01//EN"   "http://www.altova.com/schemas/uspto/st32-us-grant-025xml.dtd" [
	<!ENTITY USD0449423-20011023-D00000.TIF SYSTEM "USD0449423-20011023-D00000.TIF" NDATA TIF>
	<!ENTITY USD0449423-20011023-D00001.TIF SYSTEM "USD0449423-20011023-D00001.TIF" NDATA TIF>
]>
<?altova_sps http://www.altova.com/sps/template/patents/grant.sps?>
<PATDOC DTD="2.5" STATUS="BUILD 20020101">
	<SDOBI>
		<B100>
			<B110>
				<DNUM>
					<PDAT>D0449423</PDAT>
				</DNUM>
			</B110>
			<B130>
				<PDAT>S1</PDAT>
			</B130>
			<B140>
				<DATE>
					<PDAT>20011023</PDAT>
				</DATE>
			</B140>
			<B190>
				<PDAT>US</PDAT>
			</B190>
		</B100>
		<B200>
			<B210>
				<DNUM>
					<PDAT>29131211</PDAT>
				</DNUM>
			</B210>
			<B211US>
				<PDAT>29</PDAT>
			</B211US>
			<B220>
				<DATE>
					<PDAT>20001017</PDAT>
				</DATE>
			</B220>
		</B200>
		<B400>
			<B472>
				<B474>
					<PDAT>14</PDAT>
				</B474>
			</B472>
		</B400>
		<B500>
			<B510>
				<B511>
					<PDAT>0206</PDAT>
				</B511>
				<B516>
					<PDAT>7</PDAT>
				</B516>
			</B510>
			<B520>
				<B521>
					<PDAT>D 2615</PDAT>
				</B521>
			</B520>
			<B540>
				<STEXT>
					<PDAT>Novelty glove</PDAT>
				</STEXT>
			</B540>
			<B560>
				<B561>
					<PCIT>
						<DOC>
							<DNUM>
								<PDAT>D. 60811</PDAT>
							</DNUM>
							<DATE>
								<PDAT>19220400</PDAT>
							</DATE>
						</DOC>
						<PARTY-US>
							<NAM>
								<SNM>
									<STEXT>
										<PDAT>Pratt</PDAT>
									</STEXT>
								</SNM>
							</NAM>
						</PARTY-US>
						<PNC>
							<PDAT>D21643</PDAT>
						</PNC>
					</PCIT>
					<CITED-BY-EXAMINER/>
				</B561>
				<B561>
					<PCIT>
						<DOC>
							<DNUM>
								<PDAT>D. 95056</PDAT>
							</DNUM>
							<DATE>
								<PDAT>19350400</PDAT>
							</DATE>
						</DOC>
						<PARTY-US>
							<NAM>
								<SNM>
									<STEXT>
										<PDAT>MacLeod</PDAT>
									</STEXT>
								</SNM>
							</NAM>
						</PARTY-US>
						<PNC>
							<PDAT>D 2615</PDAT>
						</PNC>
					</PCIT>
					<CITED-BY-EXAMINER/>
				</B561>
				<B561>
					<PCIT>
						<DOC>
							<DNUM>
								<PDAT>D. 155937</PDAT>
							</DNUM>
							<DATE>
								<PDAT>19491100</PDAT>
							</DATE>
						</DOC>
						<PARTY-US>
							<NAM>
								<SNM>
									<STEXT>
										<PDAT>Squier et al.</PDAT>
									</STEXT>
								</SNM>
							</NAM>
						</PARTY-US>
						<PNC>
							<PDAT>D 2633</PDAT>
						</PNC>
					</PCIT>
					<CITED-BY-EXAMINER/>
				</B561>
				<B561>
					<PCIT>
						<DOC>
							<DNUM>
								<PDAT>D. 231940</PDAT>
							</DNUM>
							<DATE>
								<PDAT>19740600</PDAT>
							</DATE>
						</DOC>
						<PARTY-US>
							<NAM>
								<SNM>
									<STEXT>
										<PDAT>Coe</PDAT>
									</STEXT>
								</SNM>
							</NAM>
						</PARTY-US>
						<PNC>
							<PDAT>D21643</PDAT>
						</PNC>
					</PCIT>
					<CITED-BY-EXAMINER/>
				</B561>
				<B561>
					<PCIT>
						<DOC>
							<DNUM>
								<PDAT>D. 232373</PDAT>
							</DNUM>
							<DATE>
								<PDAT>19740800</PDAT>
							</DATE>
						</DOC>
						<PARTY-US>
							<NAM>
								<SNM>
									<STEXT>
										<PDAT>Luzius</PDAT>
									</STEXT>
								</SNM>
							</NAM>
						</PARTY-US>
						<PNC>
							<PDAT>D21630 X</PDAT>
						</PNC>
					</PCIT>
					<CITED-BY-EXAMINER/>
				</B561>
				<B561>
					<PCIT>
						<DOC>
							<DNUM>
								<PDAT>D. 247129</PDAT>
							</DNUM>
							<DATE>
								<PDAT>19780100</PDAT>
							</DATE>
						</DOC>
						<PARTY-US>
							<NAM>
								<SNM>
									<STEXT>
										<PDAT>Fimreite et al.</PDAT>
									</STEXT>
								</SNM>
							</NAM>
						</PARTY-US>
						<PNC>
							<PDAT>D21630</PDAT>
						</PNC>
					</PCIT>
					<CITED-BY-EXAMINER/>
				</B561>
				<B561>
					<PCIT>
						<DOC>
							<DNUM>
								<PDAT>D. 283237</PDAT>
							</DNUM>
							<DATE>
								<PDAT>19860400</PDAT>
							</DATE>
						</DOC>
						<PARTY-US>
							<NAM>
								<SNM>
									<STEXT>
										<PDAT>Tell</PDAT>
									</STEXT>
								</SNM>
							</NAM>
						</PARTY-US>
						<PNC>
							<PDAT>D19 62 X</PDAT>
						</PNC>
					</PCIT>
					<CITED-BY-EXAMINER/>
				</B561>
				<B561>
					<PCIT>
						<DOC>
							<DNUM>
								<PDAT>D. 292723</PDAT>
							</DNUM>
							<DATE>
								<PDAT>19871100</PDAT>
							</DATE>
						</DOC>
						<PARTY-US>
							<NAM>
								<SNM>
									<STEXT>
										<PDAT>Zacherle</PDAT>
									</STEXT>
								</SNM>
							</NAM>
						</PARTY-US>
						<PNC>
							<PDAT>D21630</PDAT>
						</PNC>
					</PCIT>
					<CITED-BY-EXAMINER/>
				</B561>
				<B561>
					<PCIT>
						<DOC>
							<DNUM>
								<PDAT>D. 292812</PDAT>
							</DNUM>
							<DATE>
								<PDAT>19871100</PDAT>
							</DATE>
						</DOC>
						<PARTY-US>
							<NAM>
								<SNM>
									<STEXT>
										<PDAT>Zacherle</PDAT>
									</STEXT>
								</SNM>
							</NAM>
						</PARTY-US>
						<PNC>
							<PDAT>D21630</PDAT>
						</PNC>
					</PCIT>
					<CITED-BY-EXAMINER/>
				</B561>
				<B561>
					<PCIT>
						<DOC>
							<DNUM>
								<PDAT>D. 293350</PDAT>
							</DNUM>
							<DATE>
								<PDAT>19871200</PDAT>
							</DATE>
						</DOC>
						<PARTY-US>
							<NAM>
								<SNM>
									<STEXT>
										<PDAT>Fetterman</PDAT>
									</STEXT>
								</SNM>
							</NAM>
						</PARTY-US>
						<PNC>
							<PDAT>D21621</PDAT>
						</PNC>
					</PCIT>
					<CITED-BY-EXAMINER/>
				</B561>
				<B561>
					<PCIT>
						<DOC>
							<DNUM>
								<PDAT>D. 301083</PDAT>
							</DNUM>
							<DATE>
								<PDAT>19890500</PDAT>
							</DATE>
						</DOC>
						<PARTY-US>
							<NAM>
								<SNM>
									<STEXT>
										<PDAT>Wagner</PDAT>
									</STEXT>
								</SNM>
							</NAM>
						</PARTY-US>
						<PNC>
							<PDAT>D 2615</PDAT>
						</PNC>
					</PCIT>
					<CITED-BY-EXAMINER/>
				</B561>
				<B561>
					<PCIT>
						<DOC>
							<DNUM>
								<PDAT>D. 312284</PDAT>
							</DNUM>
							<DATE>
								<PDAT>19901100</PDAT>
							</DATE>
						</DOC>
						<PARTY-US>
							<NAM>
								<SNM>
									<STEXT>
										<PDAT>Kolton</PDAT>
									</STEXT>
								</SNM>
							</NAM>
						</PARTY-US>
						<PNC>
							<PDAT>D21627</PDAT>
						</PNC>
					</PCIT>
					<CITED-BY-EXAMINER/>
				</B561>
				<B561>
					<PCIT>
						<DOC>
							<DNUM>
								<PDAT>D. 321021</PDAT>
							</DNUM>
							<DATE>
								<PDAT>19911000</PDAT>
							</DATE>
						</DOC>
						<PARTY-US>
							<NAM>
								<SNM>
									<STEXT>
										<PDAT>Ortega</PDAT>
									</STEXT>
								</SNM>
							</NAM>
						</PARTY-US>
						<PNC>
							<PDAT>D21627</PDAT>
						</PNC>
					</PCIT>
					<CITED-BY-EXAMINER/>
				</B561>
				<B561>
					<PCIT>
						<DOC>
							<DNUM>
								<PDAT>D. 331084</PDAT>
							</DNUM>
							<DATE>
								<PDAT>19921100</PDAT>
							</DATE>
						</DOC>
						<PARTY-US>
							<NAM>
								<SNM>
									<STEXT>
										<PDAT>Vavala</PDAT>
									</STEXT>
								</SNM>
							</NAM>
						</PARTY-US>
						<PNC>
							<PDAT>D21623</PDAT>
						</PNC>
					</PCIT>
					<CITED-BY-EXAMINER/>
				</B561>
				<B561>
					<PCIT>
						<DOC>
							<DNUM>
								<PDAT>D. 331834</PDAT>
							</DNUM>
							<DATE>
								<PDAT>19921200</PDAT>
							</DATE>
						</DOC>
						<PARTY-US>
							<NAM>
								<SNM>
									<STEXT>
										<PDAT>Wallace</PDAT>
									</STEXT>
								</SNM>
							</NAM>
						</PARTY-US>
						<PNC>
							<PDAT>D 2619</PDAT>
						</PNC>
					</PCIT>
					<CITED-BY-OTHER/>
				</B561>
				<B561>
					<PCIT>
						<DOC>
							<DNUM>
								<PDAT>D. 334658</PDAT>
							</DNUM>
							<DATE>
								<PDAT>19930400</PDAT>
							</DATE>
						</DOC>
						<PARTY-US>
							<NAM>
								<SNM>
									<STEXT>
										<PDAT>Ivie</PDAT>
									</STEXT>
								</SNM>
							</NAM>
						</PARTY-US>
						<PNC>
							<PDAT>D 2619</PDAT>
						</PNC>
					</PCIT>
					<CITED-BY-OTHER/>
				</B561>
				<B561>
					<PCIT>
						<DOC>
							<DNUM>
								<PDAT>D. 335024</PDAT>
							</DNUM>
							<DATE>
								<PDAT>19930400</PDAT>
							</DATE>
						</DOC>
						<PARTY-US>
							<NAM>
								<SNM>
									<STEXT>
										<PDAT>Moffitt</PDAT>
									</STEXT>
								</SNM>
							</NAM>
						</PARTY-US>
						<PNC>
							<PDAT>D 2619</PDAT>
						</PNC>
					</PCIT>
					<CITED-BY-OTHER/>
				</B561>
				<B561>
					<PCIT>
						<DOC>
							<DNUM>
								<PDAT>D. 337137</PDAT>
							</DNUM>
							<DATE>
								<PDAT>19930700</PDAT>
							</DATE>
						</DOC>
						<PARTY-US>
							<NAM>
								<SNM>
									<STEXT>
										<PDAT>Musca</PDAT>
									</STEXT>
								</SNM>
							</NAM>
						</PARTY-US>
						<PNC>
							<PDAT>D21621</PDAT>
						</PNC>
					</PCIT>
					<CITED-BY-EXAMINER/>
				</B561>
				<B561>
					<PCIT>
						<DOC>
							<DNUM>
								<PDAT>D. 338777</PDAT>
							</DNUM>
							<DATE>
								<PDAT>19930800</PDAT>
							</DATE>
						</DOC>
						<PARTY-US>
							<NAM>
								<SNM>
									<STEXT>
										<PDAT>Jarman</PDAT>
									</STEXT>
								</SNM>
							</NAM>
						</PARTY-US>
						<PNC>
							<PDAT>D 2617</PDAT>
						</PNC>
					</PCIT>
					<CITED-BY-OTHER/>
				</B561>
				<B561>
					<PCIT>
						<DOC>
							<DNUM>
								<PDAT>D. 340572</PDAT>
							</DNUM>
							<DATE>
								<PDAT>19931000</PDAT>
							</DATE>
						</DOC>
						<PARTY-US>
							<NAM>
								<SNM>
									<STEXT>
										<PDAT>Richard et al.</PDAT>
									</STEXT>
								</SNM>
							</NAM>
						</PARTY-US>
						<PNC>
							<PDAT>D 2610</PDAT>
						</PNC>
					</PCIT>
					<CITED-BY-OTHER/>
				</B561>
				<B561>
					<PCIT>
						<DOC>
							<DNUM>
								<PDAT>D. 343198</PDAT>
							</DNUM>
							<DATE>
								<PDAT>19940100</PDAT>
							</DATE>
						</DOC>
						<PARTY-US>
							<NAM>
								<SNM>
									<STEXT>
										<PDAT>Linden et al.</PDAT>
									</STEXT>
								</SNM>
							</NAM>
						</PARTY-US>
						<PNC>
							<PDAT>D21630 X</PDAT>
						</PNC>
					</PCIT>
					<CITED-BY-EXAMINER/>
				</B561>
				<B561>
					<PCIT>
						<DOC>
							<DNUM>
								<PDAT>D. 368352</PDAT>
							</DNUM>
							<DATE>
								<PDAT>19960400</PDAT>
							</DATE>
						</DOC>
						<PARTY-US>
							<NAM>
								<SNM>
									<STEXT>
										<PDAT>Torres</PDAT>
									</STEXT>
								</SNM>
							</NAM>
						</PARTY-US>
						<PNC>
							<PDAT>D 2619</PDAT>
						</PNC>
					</PCIT>
					<CITED-BY-OTHER/>
				</B561>
				<B561>
					<PCIT>
						<DOC>
							<DNUM>
								<PDAT>D. 369309</PDAT>
							</DNUM>
							<DATE>
								<PDAT>19960400</PDAT>
							</DATE>
						</DOC>
						<PARTY-US>
							<NAM>
								<SNM>
									<STEXT>
										<PDAT>Marbach</PDAT>
									</STEXT>
								</SNM>
							</NAM>
						</PARTY-US>
						<PNC>
							<PDAT>D10109</PDAT>
						</PNC>
					</PCIT>
					<CITED-BY-OTHER/>
				</B561>
				<B561>
					<PCIT>
						<DOC>
							<DNUM>
								<PDAT>D. 378869</PDAT>
							</DNUM>
							<DATE>
								<PDAT>19970400</PDAT>
							</DATE>
						</DOC>
						<PARTY-US>
							<NAM>
								<SNM>
									<STEXT>
										<PDAT>Mikell</PDAT>
									</STEXT>
								</SNM>
							</NAM>
						</PARTY-US>
						<PNC>
							<PDAT>D 2615</PDAT>
						</PNC>
					</PCIT>
					<CITED-BY-OTHER/>
				</B561>
				<B561>
					<PCIT>
						<DOC>
							<DNUM>
								<PDAT>D. 397382</PDAT>
							</DNUM>
							<DATE>
								<PDAT>19980800</PDAT>
							</DATE>
						</DOC>
						<PARTY-US>
							<NAM>
								<SNM>
									<STEXT>
										<PDAT>Gensler</PDAT>
									</STEXT>
								</SNM>
							</NAM>
						</PARTY-US>
						<PNC>
							<PDAT>D21659 X</PDAT>
						</PNC>
					</PCIT>
					<CITED-BY-EXAMINER/>
				</B561>
				<B561>
					<PCIT>
						<DOC>
							<DNUM>
								<PDAT>D. 401387</PDAT>
							</DNUM>
							<DATE>
								<PDAT>19981100</PDAT>
							</DATE>
						</DOC>
						<PARTY-US>
							<NAM>
								<SNM>
									<STEXT>
										<PDAT>Chamberlain</PDAT>
									</STEXT>
								</SNM>
							</NAM>
						</PARTY-US>
						<PNC>
							<PDAT>D 2623</PDAT>
						</PNC>
					</PCIT>
					<CITED-BY-OTHER/>
				</B561>
				<B561>
					<PCIT>
						<DOC>
							<DNUM>
								<PDAT>D. 402716</PDAT>
							</DNUM>
							<DATE>
								<PDAT>19981200</PDAT>
							</DATE>
						</DOC>
						<PARTY-US>
							<NAM>
								<SNM>
									<STEXT>
										<PDAT>Marshall</PDAT>
									</STEXT>
								</SNM>
							</NAM>
						</PARTY-US>
						<PNC>
							<PDAT>D21643 X</PDAT>
						</PNC>
					</PCIT>
					<CITED-BY-EXAMINER/>
				</B561>
				<B561>
					<PCIT>
						<DOC>
							<DNUM>
								<PDAT>D. 403379</PDAT>
							</DNUM>
							<DATE>
								<PDAT>19981200</PDAT>
							</DATE>
						</DOC>
						<PARTY-US>
							<NAM>
								<SNM>
									<STEXT>
										<PDAT>Adams</PDAT>
									</STEXT>
								</SNM>
							</NAM>
						</PARTY-US>
						<PNC>
							<PDAT>D21631</PDAT>
						</PNC>
					</PCIT>
					<CITED-BY-EXAMINER/>
				</B561>
				<B561>
					<PCIT>
						<DOC>
							<DNUM>
								<PDAT>D. 410305</PDAT>
							</DNUM>
							<DATE>
								<PDAT>19990500</PDAT>
							</DATE>
						</DOC>
						<PARTY-US>
							<NAM>
								<SNM>
									<STEXT>
										<PDAT>Redwood et al.</PDAT>
									</STEXT>
								</SNM>
							</NAM>
						</PARTY-US>
						<PNC>
							<PDAT>D29117</PDAT>
						</PNC>
					</PCIT>
					<CITED-BY-OTHER/>
				</B561>
				<B561>
					<PCIT>
						<DOC>
							<DNUM>
								<PDAT>D. 425150</PDAT>
							</DNUM>
							<DATE>
								<PDAT>20000500</PDAT>
							</DATE>
						</DOC>
						<PARTY-US>
							<NAM>
								<SNM>
									<STEXT>
										<PDAT>Cavellier</PDAT>
									</STEXT>
								</SNM>
							</NAM>
						</PARTY-US>
						<PNC>
							<PDAT>D21643</PDAT>
						</PNC>
					</PCIT>
					<CITED-BY-EXAMINER/>
				</B561>
				<B561>
					<PCIT>
						<DOC>
							<DNUM>
								<PDAT>D. 441411</PDAT>
							</DNUM>
							<DATE>
								<PDAT>20010500</PDAT>
							</DATE>
						</DOC>
						<PARTY-US>
							<NAM>
								<SNM>
									<STEXT>
										<PDAT>Griswell et al.</PDAT>
									</STEXT>
								</SNM>
							</NAM>
						</PARTY-US>
						<PNC>
							<PDAT>D21621</PDAT>
						</PNC>
					</PCIT>
					<CITED-BY-EXAMINER/>
				</B561>
				<B562>
					<NCIT>
						<STEXT>
							<PDAT>Advertising Dolls: Identification and Value. by Joleen Robinson and Kay Sellers, c.1980, Collector Books. &ldquo;Helping Hand&rdquo; a Hamburger Helper product of General Mills, p. 164.</PDAT>
						</STEXT>
					</NCIT>
					<CITED-BY-EXAMINER/>
				</B562>
			</B560>
			<B570>
				<B577>
					<PDAT>1</PDAT>
				</B577>
				<B578US>
					<PDAT>1</PDAT>
				</B578US>
			</B570>
			<B580>
				<B582>
					<PDAT>D 2610</PDAT>
				</B582>
				<B582>
					<PDAT>D 2615</PDAT>
				</B582>
				<B583US>
					<PDAT>D 2616-622</PDAT>
				</B583US>
				<B582>
					<PDAT>D 2623</PDAT>
				</B582>
				<B583US>
					<PDAT>D29113-118</PDAT>
				</B583US>
				<B583US>
					<PDAT>D29122-123</PDAT>
				</B583US>
				<B583US>
					<PDAT>  2 16- 17</PDAT>
				</B583US>
				<B583US>
					<PDAT>  2158-163</PDAT>
				</B583US>
				<B582>
					<PDAT>  2917</PDAT>
				</B582>
				<B582>
					<PDAT>D21588</PDAT>
				</B582>
				<B582>
					<PDAT>D21621</PDAT>
				</B582>
				<B582>
					<PDAT>D21623</PDAT>
				</B582>
				<B583US>
					<PDAT>D21630-633</PDAT>
				</B583US>
				<B583US>
					<PDAT>D21659-660</PDAT>
				</B583US>
				<B583US>
					<PDAT>D20 31- 32</PDAT>
				</B583US>
			</B580>
			<B590>
				<B595>
					<PDAT>1</PDAT>
				</B595>
				<B596>
					<PDAT>1</PDAT>
				</B596>
				<B597US/>
			</B590>
		</B500>
		<B700>
			<B720>
				<B721>
					<PARTY-US>
						<NAM>
							<FNM>
								<PDAT>Debra C.</PDAT>
							</FNM>
							<SNM>
								<STEXT>
									<PDAT>Lowsky</PDAT>
								</STEXT>
							</SNM>
						</NAM>
						<ADR>
							<STR>
								<PDAT>1013 Enclave Way</PDAT>
							</STR>
							<CITY>
								<PDAT>Columbia</PDAT>
							</CITY>
							<STATE>
								<PDAT>SC</PDAT>
							</STATE>
							<PCODE>
								<PDAT>29223</PDAT>
							</PCODE>
						</ADR>
					</PARTY-US>
				</B721>
			</B720>
			<B740>
				<B741>
					<PARTY-US>
						<NAM>
							<ONM>
								<STEXT>
									<PDAT>Staas &amp; Halsey LLP</PDAT>
								</STEXT>
							</ONM>
						</NAM>
					</PARTY-US>
				</B741>
			</B740>
			<B745>
				<B746>
					<PARTY-US>
						<NAM>
							<FNM>
								<PDAT>Louis S.</PDAT>
							</FNM>
							<SNM>
								<STEXT>
									<PDAT>Zarfas</PDAT>
								</STEXT>
							</SNM>
						</NAM>
					</PARTY-US>
				</B746>
				<B747>
					<PARTY-US>
						<NAM>
							<FNM>
								<PDAT>Robert A.</PDAT>
							</FNM>
							<SNM>
								<STEXT>
									<PDAT>Delehanty</PDAT>
								</STEXT>
							</SNM>
						</NAM>
					</PARTY-US>
				</B747>
				<B748US>
					<PDAT>2914</PDAT>
				</B748US>
			</B745>
		</B700>
	</SDOBI>
	<SDODE>
		<DRWDESC>
			<BTEXT>
				<PARA ID="P-00001" LVL="7">
					<PTEXT>
						<PDAT>The FIGURE is a front elevation view of a novelty glove showing my new design.</PDAT>
					</PTEXT>
				</PARA>
			</BTEXT>
		</DRWDESC>
	</SDODE>
	<SDOCL>
		<CL>
			<CLM ID="CLM-00001">
				<PARA ID="P-00002" LVL="7">
					<PTEXT>
						<PDAT>The ornamental design for novelty glove, as shown.</PDAT>
					</PTEXT>
				</PARA>
			</CLM>
		</CL>
	</SDOCL>
	<SDODR ID="DRAWINGS">
		<EMI ID="EMI-D00000" FILE="USD0449423-20011023-D00000.TIF" ALT="embedded image" WI="440" HE="600"/>
		<EMI ID="EMI-D00001" FILE="USD0449423-20011023-D00001.TIF" ALT="embedded image" WI="440" HE="600"/>
	</SDODR>
</PATDOC>
